评论内容,评分
整体表现中规中矩，暂时没有特别惊喜。暂时给出中性评价。,3
预算不高但功能够用，感觉物有所值，收到货后觉得没有买错。和同类产品相比更省心。,5
售后流程说明明白，沟通顺畅，和预期基本一致。和同类产品相比更省心。,5
按照说明几分钟就上手了，和预期基本一致。会考虑回购或推荐给朋友。,5
下单后很快就发货，第二天便收到了，收到货后觉得没有买错。目前使用下来比较满意。,5
做工细致，材质比预想中扎实，和预期基本一致。作为日常使用已经足够好了。,5
设计简洁耐看，没有廉价感，日常使用很省心。目前使用下来比较满意。,4
售后流程说明明白，沟通顺畅，和预期基本一致。会考虑回购或推荐给朋友。,5
咨询后等了很久才回复，耽误了使用安排，这个问题影响了使用。希望商家能尽快改进。,2
售后流程说明明白，沟通顺畅，整体体验很顺手。总体来说值得推荐。,5
价格亲民，配置没有明显缩水，整体体验很顺手。目前使用下来比较满意。,4
工作人员有礼貌，跟进效率不错，整体体验很顺手。目前使用下来比较满意。,4
收纳和清洁都很方便，日常使用很省心。和同类产品相比更省心。,5
做工细致，材质比预想中扎实，和预期基本一致。总体来说值得推荐。,5
物流更新及时，收货过程很顺畅，日常使用很省心。和同类产品相比更省心。,4
功能布局清楚，不用反复看说明书，和预期基本一致。会考虑回购或推荐给朋友。,5
颜色柔和，属于越看越顺眼，日常使用很省心。和同类产品相比更省心。,4
下单后很快就发货，第二天便收到了，收到货后觉得没有买错。目前使用下来比较满意。,5
功能基本够用，细节还有提升空间。整体可以接受。,3
客服回答问题很有耐心，也比较专业，和预期基本一致。总体来说值得推荐。,5
工作人员有礼貌，跟进效率不错，和预期基本一致。作为日常使用已经足够好了。,4
售前咨询回复清楚，疑问都解决了，和预期基本一致。会考虑回购或推荐给朋友。,5
颜色柔和，属于越看越顺眼，收到货后觉得没有买错。作为日常使用已经足够好了。,4
整体表现中规中矩，暂时没有特别惊喜。整体可以接受。,3
客服在线但回复间隔很长，问题解决很慢，原本的期待没有达到。暂时不太建议直接下单。,2
收纳和清洁都很方便，和预期基本一致。总体来说值得推荐。,4
提交问题后没有明确进度，一直没人跟进，希望页面说明更准确。和页面介绍存在明显差距。,2
缓冲材料太少，零件在盒中晃动，希望页面说明更准确。暂时不太建议直接下单。,2
安装不复杂，家里人也会使用，日常使用很省心。作为日常使用已经足够好了。,4
实物质感不错，看得出用料认真，日常使用很省心。总体来说值得推荐。,4
颜色和图片基本一致，放家里很协调，整体体验很顺手。目前使用下来比较满意。,4
下单后很快就发货，第二天便收到了，和预期基本一致。作为日常使用已经足够好了。,5
工作人员有礼貌，跟进效率不错，整体体验很顺手。目前使用下来比较满意。,5
功能布局清楚，不用反复看说明书，收到货后觉得没有买错。会考虑回购或推荐给朋友。,5
配送速度比预期快，包裹也完好，日常使用很省心。目前使用下来比较满意。,5
连续用了几周，性能依然稳定，日常使用很省心。目前使用下来比较满意。,4
收纳和清洁都很方便，和预期基本一致。总体来说值得推荐。,5
工作人员有礼貌，跟进效率不错，和预期基本一致。总体来说值得推荐。,5
快递送货及时，没有耽搁，和预期基本一致。目前使用下来比较满意。,4
售前咨询回复清楚，疑问都解决了，收到货后觉得没有买错。和同类产品相比更省心。,4
按照说明几分钟就上手了，和预期基本一致。总体来说值得推荐。,5
细节没有毛刺，整体很有分量，和预期基本一致。总体来说值得推荐。,4
安装不复杂，家里人也会使用，和预期基本一致。目前使用下来比较满意。,5
活动价买到很划算，性价比很高，整体体验很顺手。和同类产品相比更省心。,4
实际体验普通，觉得价格有些贵，这个问题影响了使用。这个问题确实影响了使用体验。,1
工作人员有礼貌，跟进效率不错，日常使用很省心。和同类产品相比更省心。,5
连续用了几周，性能依然稳定，日常使用很省心。总体来说值得推荐。,5
颜色和图片基本一致，放家里很协调，整体体验很顺手。目前使用下来比较满意。,4
商品符合大致预期，优点和不足都明显。暂时给出中性评价。,3
包裹比预计晚了好几天，希望页面说明更准确。希望商家能尽快改进。,2
配送速度比预期快，包裹也完好，和预期基本一致。目前使用下来比较满意。,5
颜色和图片基本一致，放家里很协调，整体体验很顺手。目前使用下来比较满意。,5
做工细致，材质比预想中扎实，日常使用很省心。作为日常使用已经足够好了。,5
实物质感不错，看得出用料认真，收到货后觉得没有买错。总体来说值得推荐。,4
活动价买到很划算，性价比很高，整体体验很顺手。和同类产品相比更省心。,4
促销规则不透明，最终价格超出预期，希望页面说明更准确。和页面介绍存在明显差距。,2
价格亲民，配置没有明显缩水，和预期基本一致。和同类产品相比更省心。,5
颜色柔和，属于越看越顺眼，日常使用很省心。和同类产品相比更省心。,4
售前咨询回复清楚，疑问都解决了，收到货后觉得没有买错。目前使用下来比较满意。,5
商品描述笼统，实际功能和预期有差距，希望页面说明更准确。这个问题确实影响了使用体验。,2
刚用了几次就出现故障，耐用性不如宣传，这个问题影响了使用。和页面介绍存在明显差距。,2
按照说明几分钟就上手了，整体体验很顺手。作为日常使用已经足够好了。,5
实物质感不错，看得出用料认真，和预期基本一致。总体来说值得推荐。,5
预算不高但功能够用，感觉物有所值，收到货后觉得没有买错。会考虑回购或推荐给朋友。,4
对比几家后下单，价格确实合理，和预期基本一致。和同类产品相比更省心。,5
包装不够结实，运输中很容易挤压，希望页面说明更准确。希望商家能尽快改进。,2
预算不高但功能够用，感觉物有所值，日常使用很省心。总体来说值得推荐。,4
物流更新及时，收货过程很顺畅，整体体验很顺手。总体来说值得推荐。,5
收到的颜色和详情页有色差，效果不一样，这个问题影响了使用。如果能解决，其他方面还可以接受。,2
工作人员有礼貌，跟进效率不错，整体体验很顺手。作为日常使用已经足够好了。,4
活动价买到很划算，性价比很高，收到货后觉得没有买错。总体来说值得推荐。,5
做工细致，材质比预想中扎实，收到货后觉得没有买错。作为日常使用已经足够好了。,5
刚买完就遇到更大优惠，心里不太平衡，处理过程也不够顺利。希望商家能尽快改进。,1
按照说明几分钟就上手了，日常使用很省心。总体来说值得推荐。,4
客服态度很好，小问题处理得很快，和预期基本一致。和同类产品相比更省心。,5
活动价买到很划算，性价比很高，和预期基本一致。目前使用下来比较满意。,5
商品符合大致预期，优点和不足都明显。整体可以接受。,3
按页面建议买的尺码还是偏小，原本的期待没有达到。如果能解决，其他方面还可以接受。,1
收纳和清洁都很方便，整体体验很顺手。和同类产品相比更省心。,4
客服回答问题很有耐心，也比较专业，收到货后觉得没有买错。总体来说值得推荐。,4
刚用了几次就出现故障，耐用性不如宣传，这个问题影响了使用。和页面介绍存在明显差距。,2
实物质感不错，看得出用料认真，整体体验很顺手。和同类产品相比更省心。,5
按照说明几分钟就上手了，日常使用很省心。和同类产品相比更省心。,5
按照说明几分钟就上手了，整体体验很顺手。和同类产品相比更省心。,5
造型小巧，和家里的风格很搭，日常使用很省心。总体来说值得推荐。,5
物流更新及时，收货过程很顺畅，收到货后觉得没有买错。和同类产品相比更省心。,4
缓冲材料太少，零件在盒中晃动，这个问题影响了使用。希望商家能尽快改进。,2
优惠力度不错，日常使用完全够了，整体体验很顺手。会考虑回购或推荐给朋友。,5
售前咨询回复清楚，疑问都解决了，和预期基本一致。总体来说值得推荐。,5
细节没有毛刺，整体很有分量，收到货后觉得没有买错。总体来说值得推荐。,4
做工细致，材质比预想中扎实，整体体验很顺手。和同类产品相比更省心。,5
实际体验普通，觉得价格有些贵，原本的期待没有达到。如果能解决，其他方面还可以接受。,2
连续用了几周，性能依然稳定，和预期基本一致。和同类产品相比更省心。,5
边角和接口处理得很牢固，日常使用很省心。会考虑回购或推荐给朋友。,5
实物质感不错，看得出用料认真，整体体验很顺手。和同类产品相比更省心。,5
从发货到签收只用了很短时间，收到货后觉得没有买错。总体来说值得推荐。,4
下单后很快就发货，第二天便收到了，和预期基本一致。目前使用下来比较满意。,4
配送速度比预期快，包裹也完好，收到货后觉得没有买错。目前使用下来比较满意。,4
做工细致，材质比预想中扎实，和预期基本一致。总体来说值得推荐。,5
按照说明几分钟就上手了，日常使用很省心。和同类产品相比更省心。,5
客服态度很好，小问题处理得很快，和预期基本一致。目前使用下来比较满意。,4
造型小巧，和家里的风格很搭，日常使用很省心。会考虑回购或推荐给朋友。,5
价格亲民，配置没有明显缩水，收到货后觉得没有买错。目前使用下来比较满意。,5
优惠力度不错，日常使用完全够了，收到货后觉得没有买错。作为日常使用已经足够好了。,5
连续用了几周，性能依然稳定，日常使用很省心。目前使用下来比较满意。,5
实物质感不错，看得出用料认真，整体体验很顺手。作为日常使用已经足够好了。,5
优惠力度不错，日常使用完全够了，和预期基本一致。和同类产品相比更省心。,4
实物质感不错，看得出用料认真，日常使用很省心。作为日常使用已经足够好了。,5
预算不高但功能够用，感觉物有所值，和预期基本一致。作为日常使用已经足够好了。,4
边角和接口处理得很牢固，和预期基本一致。会考虑回购或推荐给朋友。,5
目前使用次数不多，先观察后续表现。再用一段时间看看。,3
预算不高但功能够用，感觉物有所值，日常使用很省心。目前使用下来比较满意。,5
提交问题后没有明确进度，一直没人跟进，希望页面说明更准确。希望商家能尽快改进。,2
售前咨询回复清楚，疑问都解决了，整体体验很顺手。目前使用下来比较满意。,5
操作逻辑直观，第一次用也不费劲，日常使用很省心。会考虑回购或推荐给朋友。,5
按照说明几分钟就上手了，和预期基本一致。总体来说值得推荐。,5
售后流程说明明白，沟通顺畅，收到货后觉得没有买错。目前使用下来比较满意。,5
颜色柔和，属于越看越顺眼，收到货后觉得没有买错。会考虑回购或推荐给朋友。,5
价格亲民，配置没有明显缩水，和预期基本一致。和同类产品相比更省心。,4
目前使用次数不多，先观察后续表现。整体可以接受。,3
价格亲民，配置没有明显缩水，日常使用很省心。目前使用下来比较满意。,5
对比几家后下单，价格确实合理，和预期基本一致。作为日常使用已经足够好了。,4
包装不够结实，运输中很容易挤压，处理过程也不够顺利。暂时不太建议直接下单。,1
连续用了几周，性能依然稳定，整体体验很顺手。会考虑回购或推荐给朋友。,5
细节没有毛刺，整体很有分量，和预期基本一致。目前使用下来比较满意。,4
收纳和清洁都很方便，收到货后觉得没有买错。目前使用下来比较满意。,5
连续用了几周，性能依然稳定，和预期基本一致。目前使用下来比较满意。,4
优惠力度不错，日常使用完全够了，和预期基本一致。作为日常使用已经足够好了。,5
功能布局清楚，不用反复看说明书，日常使用很省心。作为日常使用已经足够好了。,5
颜色柔和，属于越看越顺眼，收到货后觉得没有买错。总体来说值得推荐。,5
安装不复杂，家里人也会使用，整体体验很顺手。会考虑回购或推荐给朋友。,5
按照说明几分钟就上手了，和预期基本一致。会考虑回购或推荐给朋友。,4
连续用了几周，性能依然稳定，整体体验很顺手。会考虑回购或推荐给朋友。,5
实物质感不错，看得出用料认真，和预期基本一致。总体来说值得推荐。,4
快递盒角落破裂，开箱体验很差，希望页面说明更准确。和页面介绍存在明显差距。,2
促销规则不透明，最终价格超出预期，希望页面说明更准确。暂时不太建议直接下单。,2
工作人员有礼貌，跟进效率不错，整体体验很顺手。作为日常使用已经足够好了。,4
包装不够结实，运输中很容易挤压，这个问题影响了使用。暂时不太建议直接下单。,2
功能布局清楚，不用反复看说明书，整体体验很顺手。总体来说值得推荐。,5
设计简洁耐看，没有廉价感，和预期基本一致。和同类产品相比更省心。,5
刚用了几次就出现故障，耐用性不如宣传，原本的期待没有达到。希望商家能尽快改进。,2
收到的颜色和详情页有色差，效果不一样，原本的期待没有达到。这个问题确实影响了使用体验。,2
外观和功能还可以，希望继续优化细节。再用一段时间看看。,3
颜色柔和，属于越看越顺眼，日常使用很省心。作为日常使用已经足够好了。,5
设计简洁耐看，没有廉价感，整体体验很顺手。目前使用下来比较满意。,5
实物颜值在线，拍照也很好看，日常使用很省心。目前使用下来比较满意。,4
边角和接口处理得很牢固，和预期基本一致。总体来说值得推荐。,4
配送明显偏慢，急用时很不方便，希望页面说明更准确。希望商家能尽快改进。,2
造型小巧，和家里的风格很搭，收到货后觉得没有买错。和同类产品相比更省心。,4
物流更新及时，收货过程很顺畅，收到货后觉得没有买错。作为日常使用已经足够好了。,5
收到的颜色和详情页有色差，效果不一样，希望页面说明更准确。和页面介绍存在明显差距。,1
安装不复杂，家里人也会使用，和预期基本一致。总体来说值得推荐。,5
从发货到签收只用了很短时间，整体体验很顺手。和同类产品相比更省心。,5
从发货到签收只用了很短时间，整体体验很顺手。目前使用下来比较满意。,5
安装不复杂，家里人也会使用，整体体验很顺手。会考虑回购或推荐给朋友。,5
连续用了几周，性能依然稳定，日常使用很省心。总体来说值得推荐。,5
做工细致，材质比预想中扎实，整体体验很顺手。和同类产品相比更省心。,5
售前咨询回复清楚，疑问都解决了，整体体验很顺手。作为日常使用已经足够好了。,5
按照说明几分钟就上手了，日常使用很省心。总体来说值得推荐。,5
售后流程说明明白，沟通顺畅，收到货后觉得没有买错。会考虑回购或推荐给朋友。,5
从发货到签收只用了很短时间，日常使用很省心。作为日常使用已经足够好了。,4
颜色和图片基本一致，放家里很协调，日常使用很省心。和同类产品相比更省心。,5
实物质感不错，看得出用料认真，和预期基本一致。目前使用下来比较满意。,5
安装不复杂，家里人也会使用，收到货后觉得没有买错。总体来说值得推荐。,5
咨询后等了很久才回复，耽误了使用安排，这个问题影响了使用。暂时不太建议直接下单。,2
实物质感不错，看得出用料认真，收到货后觉得没有买错。总体来说值得推荐。,5
目前使用次数不多，先观察后续表现。整体可以接受。,3
边角和接口处理得很牢固，和预期基本一致。会考虑回购或推荐给朋友。,5
功能基本够用，细节还有提升空间。整体可以接受。,3
收纳和清洁都很方便，收到货后觉得没有买错。总体来说值得推荐。,5
功能布局清楚，不用反复看说明书，日常使用很省心。目前使用下来比较满意。,5
价格亲民，配置没有明显缩水，日常使用很省心。目前使用下来比较满意。,5
实物质感不错，看得出用料认真，整体体验很顺手。目前使用下来比较满意。,5
功能布局清楚，不用反复看说明书，整体体验很顺手。作为日常使用已经足够好了。,5
对比几家后下单，价格确实合理，收到货后觉得没有买错。会考虑回购或推荐给朋友。,5
设计简洁耐看，没有廉价感，日常使用很省心。总体来说值得推荐。,5
活动价买到很划算，性价比很高，收到货后觉得没有买错。目前使用下来比较满意。,5
颜色柔和，属于越看越顺眼，收到货后觉得没有买错。目前使用下来比较满意。,5
客服态度很好，小问题处理得很快，整体体验很顺手。总体来说值得推荐。,5
功能布局清楚，不用反复看说明书，和预期基本一致。作为日常使用已经足够好了。,5
售后流程说明明白，沟通顺畅，收到货后觉得没有买错。目前使用下来比较满意。,4
设计简洁耐看，没有廉价感，和预期基本一致。总体来说值得推荐。,5
颜色和图片基本一致，放家里很协调，整体体验很顺手。会考虑回购或推荐给朋友。,4
活动价买到很划算，性价比很高，日常使用很省心。作为日常使用已经足够好了。,4
商品符合大致预期，优点和不足都明显。暂时给出中性评价。,3
实物质感不错，看得出用料认真，整体体验很顺手。和同类产品相比更省心。,5
功能基本够用，细节还有提升空间。再用一段时间看看。,3
外观和功能还可以，希望继续优化细节。暂时给出中性评价。,3
缓冲材料太少，零件在盒中晃动，处理过程也不够顺利。暂时不太建议直接下单。,2
目前使用次数不多，先观察后续表现。整体可以接受。,3
从发货到签收只用了很短时间，和预期基本一致。总体来说值得推荐。,5
活动价买到很划算，性价比很高，整体体验很顺手。总体来说值得推荐。,4
预算不高但功能够用，感觉物有所值，整体体验很顺手。目前使用下来比较满意。,5
功能基本够用，细节还有提升空间。整体可以接受。,3
颜色柔和，属于越看越顺眼，整体体验很顺手。会考虑回购或推荐给朋友。,4
边角和接口处理得很牢固，日常使用很省心。目前使用下来比较满意。,4
边角和接口处理得很牢固，收到货后觉得没有买错。作为日常使用已经足够好了。,5
客服回答问题很有耐心，也比较专业，收到货后觉得没有买错。目前使用下来比较满意。,5
造型小巧，和家里的风格很搭，日常使用很省心。作为日常使用已经足够好了。,4
预算不高但功能够用，感觉物有所值，和预期基本一致。会考虑回购或推荐给朋友。,4
收到后发现瑕疵，细节做工没有达到预期，原本的期待没有达到。和页面介绍存在明显差距。,2
售后流程说明明白，沟通顺畅，和预期基本一致。目前使用下来比较满意。,5
客服态度很好，小问题处理得很快，收到货后觉得没有买错。作为日常使用已经足够好了。,5
工作人员有礼貌，跟进效率不错，和预期基本一致。目前使用下来比较满意。,5
从发货到签收只用了很短时间，日常使用很省心。和同类产品相比更省心。,5
优惠力度不错，日常使用完全够了，和预期基本一致。作为日常使用已经足够好了。,5
价格亲民，配置没有明显缩水，收到货后觉得没有买错。和同类产品相比更省心。,5
按照说明几分钟就上手了，收到货后觉得没有买错。总体来说值得推荐。,4
对比几家后下单，价格确实合理，日常使用很省心。总体来说值得推荐。,5
外箱送到时被压扁，保护材料也破了，这个问题影响了使用。这个问题确实影响了使用体验。,1
售前咨询回复清楚，疑问都解决了，整体体验很顺手。作为日常使用已经足够好了。,5
客服回答问题很有耐心，也比较专业，收到货后觉得没有买错。作为日常使用已经足够好了。,5
物流更新及时，收货过程很顺畅，整体体验很顺手。总体来说值得推荐。,5
活动价买到很划算，性价比很高，整体体验很顺手。总体来说值得推荐。,5
快递送货及时，没有耽搁，整体体验很顺手。总体来说值得推荐。,4
整体表现中规中矩，暂时没有特别惊喜。暂时给出中性评价。,3
咨询后等了很久才回复，耽误了使用安排，处理过程也不够顺利。暂时不太建议直接下单。,1
商品符合大致预期，优点和不足都明显。再用一段时间看看。,3
同类产品价格更低，当前定价偏高，这个问题影响了使用。和页面介绍存在明显差距。,1
价格亲民，配置没有明显缩水，收到货后觉得没有买错。会考虑回购或推荐给朋友。,5
客服回答问题很有耐心，也比较专业，收到货后觉得没有买错。目前使用下来比较满意。,5
售前咨询回复清楚，疑问都解决了，收到货后觉得没有买错。会考虑回购或推荐给朋友。,4
颜色和图片基本一致，放家里很协调，整体体验很顺手。作为日常使用已经足够好了。,4
连续用了几周，性能依然稳定，日常使用很省心。目前使用下来比较满意。,5
客服态度很好，小问题处理得很快，整体体验很顺手。总体来说值得推荐。,5
颜色柔和，属于越看越顺眼，日常使用很省心。总体来说值得推荐。,5
预算不高但功能够用，感觉物有所值，日常使用很省心。会考虑回购或推荐给朋友。,5
从发货到签收只用了很短时间，整体体验很顺手。作为日常使用已经足够好了。,4
商品符合大致预期，优点和不足都明显。整体可以接受。,3
客服回答问题很有耐心，也比较专业，日常使用很省心。会考虑回购或推荐给朋友。,5
操作逻辑直观，第一次用也不费劲，日常使用很省心。目前使用下来比较满意。,5
工作人员有礼貌，跟进效率不错，日常使用很省心。会考虑回购或推荐给朋友。,5
客服态度很好，小问题处理得很快，收到货后觉得没有买错。总体来说值得推荐。,5
安装不复杂，家里人也会使用，收到货后觉得没有买错。会考虑回购或推荐给朋友。,5
实物颜值在线，拍照也很好看，收到货后觉得没有买错。总体来说值得推荐。,5
优惠力度不错，日常使用完全够了，日常使用很省心。作为日常使用已经足够好了。,5
功能布局清楚，不用反复看说明书，和预期基本一致。会考虑回购或推荐给朋友。,4
优惠力度不错，日常使用完全够了，整体体验很顺手。作为日常使用已经足够好了。,5
商品符合大致预期，优点和不足都明显。暂时给出中性评价。,3
边角和接口处理得很牢固，日常使用很省心。和同类产品相比更省心。,5
边角和接口处理得很牢固，整体体验很顺手。总体来说值得推荐。,4
下单后很快就发货，第二天便收到了，整体体验很顺手。会考虑回购或推荐给朋友。,5
外观和功能还可以，希望继续优化细节。整体可以接受。,3
优惠力度不错，日常使用完全够了，和预期基本一致。目前使用下来比较满意。,5
功能布局清楚，不用反复看说明书，日常使用很省心。作为日常使用已经足够好了。,5
优惠力度不错，日常使用完全够了，日常使用很省心。和同类产品相比更省心。,5
细节没有毛刺，整体很有分量，日常使用很省心。目前使用下来比较满意。,4
快递送货及时，没有耽搁，和预期基本一致。目前使用下来比较满意。,5
做工细致，材质比预想中扎实，整体体验很顺手。会考虑回购或推荐给朋友。,5
快递送货及时，没有耽搁，收到货后觉得没有买错。和同类产品相比更省心。,5
刚用了几次就出现故障，耐用性不如宣传，处理过程也不够顺利。和页面介绍存在明显差距。,1
客服回答问题很有耐心，也比较专业，和预期基本一致。作为日常使用已经足够好了。,5
下单后很快就发货，第二天便收到了，日常使用很省心。总体来说值得推荐。,5
颜色柔和，属于越看越顺眼，整体体验很顺手。和同类产品相比更省心。,4
售后流程说明明白，沟通顺畅，整体体验很顺手。和同类产品相比更省心。,5
造型小巧，和家里的风格很搭，和预期基本一致。总体来说值得推荐。,5
功能布局清楚，不用反复看说明书，整体体验很顺手。和同类产品相比更省心。,5
颜色柔和，属于越看越顺眼，和预期基本一致。目前使用下来比较满意。,5
活动价买到很划算，性价比很高，整体体验很顺手。作为日常使用已经足够好了。,4
功能布局清楚，不用反复看说明书，整体体验很顺手。总体来说值得推荐。,5
功能比较基础，和这个价格相比性价比不高，希望页面说明更准确。这个问题确实影响了使用体验。,2
配送速度比预期快，包裹也完好，收到货后觉得没有买错。目前使用下来比较满意。,5
按照说明几分钟就上手了，日常使用很省心。和同类产品相比更省心。,5
从发货到签收只用了很短时间，收到货后觉得没有买错。和同类产品相比更省心。,5
使用时出现松动，质量稳定性需要提高，这个问题影响了使用。这个问题确实影响了使用体验。,2
设计简洁耐看，没有廉价感，日常使用很省心。目前使用下来比较满意。,4
优惠力度不错，日常使用完全够了，收到货后觉得没有买错。目前使用下来比较满意。,4
连续用了几周，性能依然稳定，收到货后觉得没有买错。目前使用下来比较满意。,5
物流更新及时，收货过程很顺畅，和预期基本一致。作为日常使用已经足够好了。,4
客服态度很好，小问题处理得很快，日常使用很省心。总体来说值得推荐。,5
配送明显偏慢，急用时很不方便，这个问题影响了使用。这个问题确实影响了使用体验。,2
目前使用次数不多，先观察后续表现。暂时给出中性评价。,3
做工细致，材质比预想中扎实，日常使用很省心。目前使用下来比较满意。,4
边角和接口处理得很牢固，日常使用很省心。作为日常使用已经足够好了。,5
颜色柔和，属于越看越顺眼，日常使用很省心。目前使用下来比较满意。,4
快递送货及时，没有耽搁，整体体验很顺手。会考虑回购或推荐给朋友。,5
操作逻辑直观，第一次用也不费劲，收到货后觉得没有买错。会考虑回购或推荐给朋友。,5
快递送货及时，没有耽搁，日常使用很省心。和同类产品相比更省心。,5
物流更新及时，收货过程很顺畅，收到货后觉得没有买错。和同类产品相比更省心。,5
优惠力度不错，日常使用完全够了，日常使用很省心。目前使用下来比较满意。,5
优惠力度不错，日常使用完全够了，收到货后觉得没有买错。会考虑回购或推荐给朋友。,5
安装不复杂，家里人也会使用，和预期基本一致。总体来说值得推荐。,4
活动价买到很划算，性价比很高，日常使用很省心。会考虑回购或推荐给朋友。,5
同类产品价格更低，当前定价偏高，原本的期待没有达到。和页面介绍存在明显差距。,2
边角和接口处理得很牢固，和预期基本一致。作为日常使用已经足够好了。,5
客服态度很好，小问题处理得很快，和预期基本一致。会考虑回购或推荐给朋友。,5
预算不高但功能够用，感觉物有所值，整体体验很顺手。和同类产品相比更省心。,5
边角和接口处理得很牢固，和预期基本一致。总体来说值得推荐。,4
物流更新及时，收货过程很顺畅，收到货后觉得没有买错。会考虑回购或推荐给朋友。,5
操作逻辑直观，第一次用也不费劲，收到货后觉得没有买错。和同类产品相比更省心。,5
整体表现中规中矩，暂时没有特别惊喜。暂时给出中性评价。,3
整体表现中规中矩，暂时没有特别惊喜。整体可以接受。,3
活动价买到很划算，性价比很高，收到货后觉得没有买错。目前使用下来比较满意。,5
功能布局清楚，不用反复看说明书，收到货后觉得没有买错。作为日常使用已经足够好了。,5
工作人员有礼貌，跟进效率不错，整体体验很顺手。和同类产品相比更省心。,5
功能基本够用，细节还有提升空间。整体可以接受。,3
安装不复杂，家里人也会使用，收到货后觉得没有买错。和同类产品相比更省心。,5
同类产品价格更低，当前定价偏高，希望页面说明更准确。和页面介绍存在明显差距。,2
功能布局清楚，不用反复看说明书，整体体验很顺手。和同类产品相比更省心。,4
颜色和图片基本一致，放家里很协调，和预期基本一致。作为日常使用已经足够好了。,5
造型小巧，和家里的风格很搭，和预期基本一致。会考虑回购或推荐给朋友。,5
造型小巧，和家里的风格很搭，收到货后觉得没有买错。会考虑回购或推荐给朋友。,5
做工细致，材质比预想中扎实，日常使用很省心。会考虑回购或推荐给朋友。,5
预算不高但功能够用，感觉物有所值，整体体验很顺手。和同类产品相比更省心。,5
实物质感不错，看得出用料认真，日常使用很省心。总体来说值得推荐。,4
操作逻辑直观，第一次用也不费劲，和预期基本一致。会考虑回购或推荐给朋友。,5
目前使用次数不多，先观察后续表现。再用一段时间看看。,3
预算不高但功能够用，感觉物有所值，收到货后觉得没有买错。作为日常使用已经足够好了。,4
客服回答问题很有耐心，也比较专业，整体体验很顺手。目前使用下来比较满意。,5
售后流程说明明白，沟通顺畅，收到货后觉得没有买错。和同类产品相比更省心。,5
设计简洁耐看，没有廉价感，和预期基本一致。目前使用下来比较满意。,4
按页面建议买的尺码还是偏小，这个问题影响了使用。这个问题确实影响了使用体验。,1
功能布局清楚，不用反复看说明书，整体体验很顺手。目前使用下来比较满意。,5
颜色和图片基本一致，放家里很协调，和预期基本一致。目前使用下来比较满意。,5
快递送货及时，没有耽搁，收到货后觉得没有买错。总体来说值得推荐。,5
物流更新及时，收货过程很顺畅，日常使用很省心。总体来说值得推荐。,5
下单后很快就发货，第二天便收到了，日常使用很省心。会考虑回购或推荐给朋友。,5
咨询后等了很久才回复，耽误了使用安排，希望页面说明更准确。这个问题确实影响了使用体验。,1
目前使用次数不多，先观察后续表现。暂时给出中性评价。,3
售后流程说明明白，沟通顺畅，收到货后觉得没有买错。和同类产品相比更省心。,5
实际体验普通，觉得价格有些贵，原本的期待没有达到。如果能解决，其他方面还可以接受。,2
实物颜值在线，拍照也很好看，整体体验很顺手。会考虑回购或推荐给朋友。,5
物流更新及时，收货过程很顺畅，收到货后觉得没有买错。会考虑回购或推荐给朋友。,5
售前咨询回复清楚，疑问都解决了，日常使用很省心。和同类产品相比更省心。,5
实物颜值在线，拍照也很好看，收到货后觉得没有买错。和同类产品相比更省心。,4
商品符合大致预期，优点和不足都明显。整体可以接受。,3
客服回答问题很有耐心，也比较专业，收到货后觉得没有买错。和同类产品相比更省心。,4
实物质感不错，看得出用料认真，整体体验很顺手。和同类产品相比更省心。,5
物流更新及时，收货过程很顺畅，整体体验很顺手。目前使用下来比较满意。,4
按照说明几分钟就上手了，和预期基本一致。作为日常使用已经足够好了。,5
客服态度很好，小问题处理得很快，整体体验很顺手。和同类产品相比更省心。,5
外观和功能还可以，希望继续优化细节。暂时给出中性评价。,3
做工细致，材质比预想中扎实，和预期基本一致。总体来说值得推荐。,5
造型小巧，和家里的风格很搭，整体体验很顺手。目前使用下来比较满意。,5
造型小巧，和家里的风格很搭，和预期基本一致。会考虑回购或推荐给朋友。,4
缓冲材料太少，零件在盒中晃动，处理过程也不够顺利。希望商家能尽快改进。,2
物流更新及时，收货过程很顺畅，收到货后觉得没有买错。总体来说值得推荐。,5
对比几家后下单，价格确实合理，和预期基本一致。和同类产品相比更省心。,5
做工细致，材质比预想中扎实，和预期基本一致。会考虑回购或推荐给朋友。,4
收纳和清洁都很方便，日常使用很省心。和同类产品相比更省心。,5
整体表现中规中矩，暂时没有特别惊喜。整体可以接受。,3
实物颜值在线，拍照也很好看，日常使用很省心。会考虑回购或推荐给朋友。,5
缓冲材料太少，零件在盒中晃动，原本的期待没有达到。希望商家能尽快改进。,1
实物颜值在线，拍照也很好看，和预期基本一致。会考虑回购或推荐给朋友。,5
同类产品价格更低，当前定价偏高，这个问题影响了使用。如果能解决，其他方面还可以接受。,2
收纳和清洁都很方便，日常使用很省心。目前使用下来比较满意。,5
快递送货及时，没有耽搁，日常使用很省心。目前使用下来比较满意。,5
活动价买到很划算，性价比很高，整体体验很顺手。和同类产品相比更省心。,5
连续用了几周，性能依然稳定，和预期基本一致。会考虑回购或推荐给朋友。,4
颜色和图片基本一致，放家里很协调，收到货后觉得没有买错。会考虑回购或推荐给朋友。,5
客服态度很好，小问题处理得很快，和预期基本一致。总体来说值得推荐。,5
实际尺寸比页面标注的大，放置后不合适，处理过程也不够顺利。这个问题确实影响了使用体验。,2
客服态度很好，小问题处理得很快，和预期基本一致。作为日常使用已经足够好了。,5
工作人员有礼貌，跟进效率不错，日常使用很省心。作为日常使用已经足够好了。,5
售前咨询回复清楚，疑问都解决了，日常使用很省心。会考虑回购或推荐给朋友。,4
颜色柔和，属于越看越顺眼，和预期基本一致。作为日常使用已经足够好了。,5
活动价买到很划算，性价比很高，日常使用很省心。作为日常使用已经足够好了。,4
造型小巧，和家里的风格很搭，整体体验很顺手。总体来说值得推荐。,5
工作人员有礼貌，跟进效率不错，日常使用很省心。目前使用下来比较满意。,5
颜色和图片基本一致，放家里很协调，整体体验很顺手。总体来说值得推荐。,4
实物颜值在线，拍照也很好看，整体体验很顺手。作为日常使用已经足够好了。,5
外观和功能还可以，希望继续优化细节。暂时给出中性评价。,3
预算不高但功能够用，感觉物有所值，和预期基本一致。作为日常使用已经足够好了。,5
价格亲民，配置没有明显缩水，整体体验很顺手。和同类产品相比更省心。,5
连续用了几周，性能依然稳定，整体体验很顺手。总体来说值得推荐。,4
外观和功能还可以，希望继续优化细节。整体可以接受。,3
设计简洁耐看，没有廉价感，收到货后觉得没有买错。会考虑回购或推荐给朋友。,4
细节没有毛刺，整体很有分量，和预期基本一致。会考虑回购或推荐给朋友。,5
下单后很快就发货，第二天便收到了，和预期基本一致。和同类产品相比更省心。,4
收到后发现瑕疵，细节做工没有达到预期，原本的期待没有达到。和页面介绍存在明显差距。,2
目前使用次数不多，先观察后续表现。暂时给出中性评价。,3
设计简洁耐看，没有廉价感，日常使用很省心。作为日常使用已经足够好了。,5
细节没有毛刺，整体很有分量，日常使用很省心。作为日常使用已经足够好了。,4
包装封口开了，商品表面留下划痕，处理过程也不够顺利。希望商家能尽快改进。,2
价格亲民，配置没有明显缩水，收到货后觉得没有买错。作为日常使用已经足够好了。,4
价格亲民，配置没有明显缩水，收到货后觉得没有买错。会考虑回购或推荐给朋友。,4
配送速度比预期快，包裹也完好，和预期基本一致。和同类产品相比更省心。,5
售前咨询回复清楚，疑问都解决了，日常使用很省心。和同类产品相比更省心。,5
下单后很快就发货，第二天便收到了，日常使用很省心。总体来说值得推荐。,5
功能布局清楚，不用反复看说明书，整体体验很顺手。会考虑回购或推荐给朋友。,4
按照说明几分钟就上手了，和预期基本一致。总体来说值得推荐。,4
图片展示和实物细节不完全一致，原本的期待没有达到。希望商家能尽快改进。,2
价格亲民，配置没有明显缩水，日常使用很省心。会考虑回购或推荐给朋友。,5
从发货到签收只用了很短时间，日常使用很省心。作为日常使用已经足够好了。,5
客服回答问题很有耐心，也比较专业，整体体验很顺手。总体来说值得推荐。,5
售前咨询回复清楚，疑问都解决了，和预期基本一致。总体来说值得推荐。,5
客服在线但回复间隔很长，问题解决很慢，希望页面说明更准确。和页面介绍存在明显差距。,2
颜色柔和，属于越看越顺眼，收到货后觉得没有买错。作为日常使用已经足够好了。,5
边角和接口处理得很牢固，和预期基本一致。会考虑回购或推荐给朋友。,5
设计简洁耐看，没有廉价感，和预期基本一致。总体来说值得推荐。,5
优惠力度不错，日常使用完全够了，日常使用很省心。会考虑回购或推荐给朋友。,5
边角和接口处理得很牢固，收到货后觉得没有买错。会考虑回购或推荐给朋友。,5
售后流程说明明白，沟通顺畅，和预期基本一致。总体来说值得推荐。,4
细节没有毛刺，整体很有分量，日常使用很省心。目前使用下来比较满意。,5
收纳和清洁都很方便，日常使用很省心。会考虑回购或推荐给朋友。,5
实物质感不错，看得出用料认真，和预期基本一致。总体来说值得推荐。,5
同类产品价格更低，当前定价偏高，处理过程也不够顺利。如果能解决，其他方面还可以接受。,1
商品符合大致预期，优点和不足都明显。整体可以接受。,3
快递送货及时，没有耽搁，和预期基本一致。会考虑回购或推荐给朋友。,4
边角和接口处理得很牢固，整体体验很顺手。总体来说值得推荐。,4
功能基本够用，细节还有提升空间。再用一段时间看看。,3
做工细致，材质比预想中扎实，日常使用很省心。和同类产品相比更省心。,5
操作逻辑直观，第一次用也不费劲，收到货后觉得没有买错。会考虑回购或推荐给朋友。,4
下单后很快就发货，第二天便收到了，收到货后觉得没有买错。总体来说值得推荐。,5
配送速度比预期快，包裹也完好，日常使用很省心。和同类产品相比更省心。,5
配送速度比预期快，包裹也完好，和预期基本一致。作为日常使用已经足够好了。,5
实物质感不错，看得出用料认真，整体体验很顺手。和同类产品相比更省心。,5
下单后很快就发货，第二天便收到了，日常使用很省心。和同类产品相比更省心。,5
实物颜值在线，拍照也很好看，收到货后觉得没有买错。和同类产品相比更省心。,4
活动价买到很划算，性价比很高，和预期基本一致。会考虑回购或推荐给朋友。,5
对比几家后下单，价格确实合理，整体体验很顺手。总体来说值得推荐。,5
连续用了几周，性能依然稳定，收到货后觉得没有买错。会考虑回购或推荐给朋友。,4
目前使用次数不多，先观察后续表现。暂时给出中性评价。,3
实物颜值在线，拍照也很好看，收到货后觉得没有买错。会考虑回购或推荐给朋友。,5
收到后发现瑕疵，细节做工没有达到预期，原本的期待没有达到。希望商家能尽快改进。,2
对比几家后下单，价格确实合理，和预期基本一致。和同类产品相比更省心。,5
细节没有毛刺，整体很有分量，日常使用很省心。作为日常使用已经足够好了。,5
按照说明几分钟就上手了，日常使用很省心。会考虑回购或推荐给朋友。,5
配送速度比预期快，包裹也完好，和预期基本一致。总体来说值得推荐。,5
配送明显偏慢，急用时很不方便，原本的期待没有达到。暂时不太建议直接下单。,2
目前使用次数不多，先观察后续表现。整体可以接受。,3
价格亲民，配置没有明显缩水，收到货后觉得没有买错。会考虑回购或推荐给朋友。,4
对比几家后下单，价格确实合理，和预期基本一致。会考虑回购或推荐给朋友。,5
边角和接口处理得很牢固，收到货后觉得没有买错。会考虑回购或推荐给朋友。,4
客服在线但回复间隔很长，问题解决很慢，处理过程也不够顺利。和页面介绍存在明显差距。,2
客服回答问题很有耐心，也比较专业，日常使用很省心。和同类产品相比更省心。,5
实物颜值在线，拍照也很好看，整体体验很顺手。会考虑回购或推荐给朋友。,4
商品符合大致预期，优点和不足都明显。再用一段时间看看。,3
物流更新及时，收货过程很顺畅，收到货后觉得没有买错。总体来说值得推荐。,5
配送速度比预期快，包裹也完好，和预期基本一致。总体来说值得推荐。,4
设计简洁耐看，没有廉价感，和预期基本一致。总体来说值得推荐。,5
客服回答问题很有耐心，也比较专业，整体体验很顺手。目前使用下来比较满意。,5
做工细致，材质比预想中扎实，日常使用很省心。和同类产品相比更省心。,4
下单后迟迟不发货，只能继续等待，原本的期待没有达到。暂时不太建议直接下单。,1
对比几家后下单，价格确实合理，收到货后觉得没有买错。会考虑回购或推荐给朋友。,5
按照说明几分钟就上手了，日常使用很省心。作为日常使用已经足够好了。,5
设计简洁耐看，没有廉价感，日常使用很省心。作为日常使用已经足够好了。,5
设计简洁耐看，没有廉价感，整体体验很顺手。总体来说值得推荐。,5
预算不高但功能够用，感觉物有所值，整体体验很顺手。总体来说值得推荐。,4
外观和功能还可以，希望继续优化细节。再用一段时间看看。,3
价格亲民，配置没有明显缩水，日常使用很省心。总体来说值得推荐。,5
客服态度很好，小问题处理得很快，日常使用很省心。作为日常使用已经足够好了。,5
对比几家后下单，价格确实合理，收到货后觉得没有买错。总体来说值得推荐。,5
快递送货及时，没有耽搁，日常使用很省心。作为日常使用已经足够好了。,4
操作逻辑直观，第一次用也不费劲，和预期基本一致。作为日常使用已经足够好了。,5
物流更新及时，收货过程很顺畅，和预期基本一致。目前使用下来比较满意。,5
外观和功能还可以，希望继续优化细节。暂时给出中性评价。,3
连续用了几周，性能依然稳定，和预期基本一致。和同类产品相比更省心。,5
功能基本够用，细节还有提升空间。整体可以接受。,3
功能基本够用，细节还有提升空间。整体可以接受。,3
价格亲民，配置没有明显缩水，收到货后觉得没有买错。会考虑回购或推荐给朋友。,5
下单后迟迟不发货，只能继续等待，这个问题影响了使用。和页面介绍存在明显差距。,1
设计简洁耐看，没有廉价感，整体体验很顺手。和同类产品相比更省心。,5
活动价买到很划算，性价比很高，整体体验很顺手。作为日常使用已经足够好了。,5
商品符合大致预期，优点和不足都明显。暂时给出中性评价。,3
收纳和清洁都很方便，日常使用很省心。目前使用下来比较满意。,5
工作人员有礼貌，跟进效率不错，和预期基本一致。和同类产品相比更省心。,5
配送速度比预期快，包裹也完好，收到货后觉得没有买错。目前使用下来比较满意。,5
下单后很快就发货，第二天便收到了，整体体验很顺手。和同类产品相比更省心。,5
快递送货及时，没有耽搁，整体体验很顺手。作为日常使用已经足够好了。,5
收纳和清洁都很方便，收到货后觉得没有买错。总体来说值得推荐。,4
设计简洁耐看，没有廉价感，收到货后觉得没有买错。和同类产品相比更省心。,5
下单后很快就发货，第二天便收到了，收到货后觉得没有买错。总体来说值得推荐。,5
售前咨询回复清楚，疑问都解决了，和预期基本一致。和同类产品相比更省心。,5
功能布局清楚，不用反复看说明书，日常使用很省心。和同类产品相比更省心。,5
从发货到签收只用了很短时间，收到货后觉得没有买错。总体来说值得推荐。,5
造型小巧，和家里的风格很搭，和预期基本一致。和同类产品相比更省心。,5
预算不高但功能够用，感觉物有所值，收到货后觉得没有买错。作为日常使用已经足够好了。,5
设计简洁耐看，没有廉价感，日常使用很省心。会考虑回购或推荐给朋友。,4
物流更新及时，收货过程很顺畅，收到货后觉得没有买错。总体来说值得推荐。,5
细节没有毛刺，整体很有分量，日常使用很省心。和同类产品相比更省心。,4
价格亲民，配置没有明显缩水，和预期基本一致。和同类产品相比更省心。,5
按照说明几分钟就上手了，收到货后觉得没有买错。目前使用下来比较满意。,5
配送速度比预期快，包裹也完好，日常使用很省心。会考虑回购或推荐给朋友。,4
客服回答问题很有耐心，也比较专业，整体体验很顺手。会考虑回购或推荐给朋友。,5
活动价买到很划算，性价比很高，整体体验很顺手。目前使用下来比较满意。,4
安装不复杂，家里人也会使用，日常使用很省心。会考虑回购或推荐给朋友。,5
安装不复杂，家里人也会使用，收到货后觉得没有买错。总体来说值得推荐。,4
从发货到签收只用了很短时间，收到货后觉得没有买错。作为日常使用已经足够好了。,4
工作人员有礼貌，跟进效率不错，日常使用很省心。总体来说值得推荐。,5
客服回答问题很有耐心，也比较专业，日常使用很省心。总体来说值得推荐。,4
售前咨询回复清楚，疑问都解决了，日常使用很省心。目前使用下来比较满意。,5
操作逻辑直观，第一次用也不费劲，整体体验很顺手。目前使用下来比较满意。,5
目前使用次数不多，先观察后续表现。再用一段时间看看。,3
快递盒角落破裂，开箱体验很差，希望页面说明更准确。暂时不太建议直接下单。,2
价格亲民，配置没有明显缩水，和预期基本一致。目前使用下来比较满意。,5
做工细致，材质比预想中扎实，日常使用很省心。和同类产品相比更省心。,5
价格亲民，配置没有明显缩水，收到货后觉得没有买错。和同类产品相比更省心。,5
安装不复杂，家里人也会使用，收到货后觉得没有买错。目前使用下来比较满意。,5
物流更新及时，收货过程很顺畅，日常使用很省心。会考虑回购或推荐给朋友。,4
活动价买到很划算，性价比很高，和预期基本一致。会考虑回购或推荐给朋友。,4
实物质感不错，看得出用料认真，整体体验很顺手。目前使用下来比较满意。,5
边角和接口处理得很牢固，整体体验很顺手。总体来说值得推荐。,4
缓冲材料太少，零件在盒中晃动，处理过程也不够顺利。如果能解决，其他方面还可以接受。,1
功能基本够用，细节还有提升空间。再用一段时间看看。,3
连续用了几周，性能依然稳定，和预期基本一致。和同类产品相比更省心。,4
下单后很快就发货，第二天便收到了，和预期基本一致。总体来说值得推荐。,5
外观和功能还可以，希望继续优化细节。整体可以接受。,3
整体表现中规中矩，暂时没有特别惊喜。整体可以接受。,3
物流更新及时，收货过程很顺畅，日常使用很省心。总体来说值得推荐。,5
商品符合大致预期，优点和不足都明显。整体可以接受。,3
商品符合大致预期，优点和不足都明显。再用一段时间看看。,3
实物颜值在线，拍照也很好看，日常使用很省心。作为日常使用已经足够好了。,5
按照说明几分钟就上手了，和预期基本一致。目前使用下来比较满意。,4
造型小巧，和家里的风格很搭，收到货后觉得没有买错。目前使用下来比较满意。,5
颜色和图片基本一致，放家里很协调，收到货后觉得没有买错。总体来说值得推荐。,5
实物质感不错，看得出用料认真，整体体验很顺手。和同类产品相比更省心。,5
客服回答问题很有耐心，也比较专业，和预期基本一致。会考虑回购或推荐给朋友。,5
按照说明几分钟就上手了，日常使用很省心。总体来说值得推荐。,4
活动价买到很划算，性价比很高，和预期基本一致。会考虑回购或推荐给朋友。,5
关键部位不够牢固，担心用不了多久，希望页面说明更准确。这个问题确实影响了使用体验。,2
客服回答问题很有耐心，也比较专业，日常使用很省心。目前使用下来比较满意。,5
实物质感不错，看得出用料认真，和预期基本一致。和同类产品相比更省心。,4
功能基本够用，细节还有提升空间。整体可以接受。,3
客服态度很好，小问题处理得很快，收到货后觉得没有买错。和同类产品相比更省心。,4
外观和功能还可以，希望继续优化细节。再用一段时间看看。,3
连续用了几周，性能依然稳定，日常使用很省心。作为日常使用已经足够好了。,5
优惠力度不错，日常使用完全够了，收到货后觉得没有买错。作为日常使用已经足够好了。,5
预算不高但功能够用，感觉物有所值，整体体验很顺手。总体来说值得推荐。,5
边角和接口处理得很牢固，和预期基本一致。总体来说值得推荐。,4
细节没有毛刺，整体很有分量，整体体验很顺手。目前使用下来比较满意。,5
客服在线但回复间隔很长，问题解决很慢，原本的期待没有达到。和页面介绍存在明显差距。,1
边角和接口处理得很牢固，和预期基本一致。总体来说值得推荐。,5
收到的颜色和详情页有色差，效果不一样，希望页面说明更准确。暂时不太建议直接下单。,1
售后流程说明明白，沟通顺畅，日常使用很省心。和同类产品相比更省心。,5
快递送货及时，没有耽搁，日常使用很省心。和同类产品相比更省心。,5
售后流程说明明白，沟通顺畅，日常使用很省心。和同类产品相比更省心。,5
客服回答问题很有耐心，也比较专业，整体体验很顺手。总体来说值得推荐。,4
优惠力度不错，日常使用完全够了，日常使用很省心。作为日常使用已经足够好了。,5
物流更新及时，收货过程很顺畅，整体体验很顺手。目前使用下来比较满意。,5
连续用了几周，性能依然稳定，和预期基本一致。作为日常使用已经足够好了。,5
目前使用次数不多，先观察后续表现。整体可以接受。,3
外观和功能还可以，希望继续优化细节。暂时给出中性评价。,3
工作人员有礼貌，跟进效率不错，日常使用很省心。和同类产品相比更省心。,5
做工细致，材质比预想中扎实，整体体验很顺手。总体来说值得推荐。,5
物流更新及时，收货过程很顺畅，收到货后觉得没有买错。目前使用下来比较满意。,4
功能布局清楚，不用反复看说明书，和预期基本一致。会考虑回购或推荐给朋友。,4
做工细致，材质比预想中扎实，收到货后觉得没有买错。目前使用下来比较满意。,5
提交问题后没有明确进度，一直没人跟进，希望页面说明更准确。暂时不太建议直接下单。,2
收纳和清洁都很方便，日常使用很省心。作为日常使用已经足够好了。,4
安装不复杂，家里人也会使用，和预期基本一致。总体来说值得推荐。,4
配送速度比预期快，包裹也完好，日常使用很省心。和同类产品相比更省心。,5
造型小巧，和家里的风格很搭，收到货后觉得没有买错。总体来说值得推荐。,4
连续用了几周，性能依然稳定，日常使用很省心。目前使用下来比较满意。,5
价格亲民，配置没有明显缩水，和预期基本一致。作为日常使用已经足够好了。,5
实物颜值在线，拍照也很好看，整体体验很顺手。目前使用下来比较满意。,4
功能布局清楚，不用反复看说明书，和预期基本一致。目前使用下来比较满意。,5
对比几家后下单，价格确实合理，日常使用很省心。总体来说值得推荐。,5
功能布局清楚，不用反复看说明书，日常使用很省心。和同类产品相比更省心。,4
功能基本够用，细节还有提升空间。再用一段时间看看。,3
实物颜值在线，拍照也很好看，和预期基本一致。会考虑回购或推荐给朋友。,5
活动价买到很划算，性价比很高，和预期基本一致。作为日常使用已经足够好了。,4
实物质感不错，看得出用料认真，整体体验很顺手。目前使用下来比较满意。,5
连续用了几周，性能依然稳定，和预期基本一致。总体来说值得推荐。,5
细节没有毛刺，整体很有分量，整体体验很顺手。和同类产品相比更省心。,4
发货后几天都没有更新，等了很久才收到，希望页面说明更准确。如果能解决，其他方面还可以接受。,2
优惠力度不错，日常使用完全够了，整体体验很顺手。作为日常使用已经足够好了。,5
价格亲民，配置没有明显缩水，整体体验很顺手。总体来说值得推荐。,5
商品符合大致预期，优点和不足都明显。再用一段时间看看。,3
实物质感不错，看得出用料认真，整体体验很顺手。会考虑回购或推荐给朋友。,4
造型小巧，和家里的风格很搭，收到货后觉得没有买错。会考虑回购或推荐给朋友。,4
收纳和清洁都很方便，收到货后觉得没有买错。目前使用下来比较满意。,4
对比几家后下单，价格确实合理，收到货后觉得没有买错。和同类产品相比更省心。,5
外观和功能还可以，希望继续优化细节。整体可以接受。,3
优惠力度不错，日常使用完全够了，和预期基本一致。总体来说值得推荐。,5
第二天联系仍然没有得到及时处理，希望页面说明更准确。这个问题确实影响了使用体验。,2
咨询后等了很久才回复，耽误了使用安排，这个问题影响了使用。如果能解决，其他方面还可以接受。,2
优惠力度不错，日常使用完全够了，日常使用很省心。作为日常使用已经足够好了。,5
收纳和清洁都很方便，日常使用很省心。会考虑回购或推荐给朋友。,4
物流更新及时，收货过程很顺畅，收到货后觉得没有买错。目前使用下来比较满意。,5
价格亲民，配置没有明显缩水，和预期基本一致。会考虑回购或推荐给朋友。,5
边角和接口处理得很牢固，和预期基本一致。和同类产品相比更省心。,5
商品描述笼统，实际功能和预期有差距，处理过程也不够顺利。希望商家能尽快改进。,1
配送速度比预期快，包裹也完好，整体体验很顺手。和同类产品相比更省心。,5
功能基本够用，细节还有提升空间。整体可以接受。,3
边角和接口处理得很牢固，日常使用很省心。作为日常使用已经足够好了。,5
颜色和图片基本一致，放家里很协调，和预期基本一致。和同类产品相比更省心。,5
操作逻辑直观，第一次用也不费劲，日常使用很省心。目前使用下来比较满意。,5
收纳和清洁都很方便，日常使用很省心。总体来说值得推荐。,5
实物质感不错，看得出用料认真，整体体验很顺手。会考虑回购或推荐给朋友。,4
细节没有毛刺，整体很有分量，日常使用很省心。和同类产品相比更省心。,5
配送速度比预期快，包裹也完好，日常使用很省心。会考虑回购或推荐给朋友。,5
物流中途停了很久，没有达到页面承诺，这个问题影响了使用。和页面介绍存在明显差距。,1
颜色和图片基本一致，放家里很协调，日常使用很省心。目前使用下来比较满意。,4
功能布局清楚，不用反复看说明书，日常使用很省心。目前使用下来比较满意。,4
客服态度很好，小问题处理得很快，和预期基本一致。和同类产品相比更省心。,5
预算不高但功能够用，感觉物有所值，日常使用很省心。作为日常使用已经足够好了。,4
实物颜值在线，拍照也很好看，整体体验很顺手。和同类产品相比更省心。,5
造型小巧，和家里的风格很搭，和预期基本一致。总体来说值得推荐。,4
咨询后等了很久才回复，耽误了使用安排，原本的期待没有达到。希望商家能尽快改进。,1
优惠力度不错，日常使用完全够了，日常使用很省心。和同类产品相比更省心。,5
客服态度很好，小问题处理得很快，日常使用很省心。作为日常使用已经足够好了。,5
商品符合大致预期，优点和不足都明显。暂时给出中性评价。,3
配送速度比预期快，包裹也完好，整体体验很顺手。和同类产品相比更省心。,5
工作人员有礼貌，跟进效率不错，整体体验很顺手。和同类产品相比更省心。,4
颜色和图片基本一致，放家里很协调，日常使用很省心。会考虑回购或推荐给朋友。,5
颜色柔和，属于越看越顺眼，日常使用很省心。和同类产品相比更省心。,4
细节没有毛刺，整体很有分量，收到货后觉得没有买错。会考虑回购或推荐给朋友。,5
设计简洁耐看，没有廉价感，收到货后觉得没有买错。目前使用下来比较满意。,4
下单后很快就发货，第二天便收到了，收到货后觉得没有买错。目前使用下来比较满意。,5
边角和接口处理得很牢固，日常使用很省心。作为日常使用已经足够好了。,5
外观和功能还可以，希望继续优化细节。再用一段时间看看。,3
售前咨询回复清楚，疑问都解决了，收到货后觉得没有买错。目前使用下来比较满意。,5
优惠力度不错，日常使用完全够了，和预期基本一致。作为日常使用已经足够好了。,5
售后流程说明明白，沟通顺畅，整体体验很顺手。总体来说值得推荐。,5
客服态度很好，小问题处理得很快，收到货后觉得没有买错。会考虑回购或推荐给朋友。,4
活动价买到很划算，性价比很高，收到货后觉得没有买错。和同类产品相比更省心。,5
预算不高但功能够用，感觉物有所值，和预期基本一致。作为日常使用已经足够好了。,4
细节没有毛刺，整体很有分量，和预期基本一致。会考虑回购或推荐给朋友。,5
按照说明几分钟就上手了，日常使用很省心。会考虑回购或推荐给朋友。,5
边角和接口处理得很牢固，和预期基本一致。目前使用下来比较满意。,4
实物质感不错，看得出用料认真，和预期基本一致。总体来说值得推荐。,5
客服回答问题很有耐心，也比较专业，日常使用很省心。总体来说值得推荐。,5
安装不复杂，家里人也会使用，日常使用很省心。目前使用下来比较满意。,4
活动价买到很划算，性价比很高，收到货后觉得没有买错。和同类产品相比更省心。,5
功能布局清楚，不用反复看说明书，整体体验很顺手。目前使用下来比较满意。,5
价格亲民，配置没有明显缩水，和预期基本一致。和同类产品相比更省心。,5
客服回答问题很有耐心，也比较专业，日常使用很省心。总体来说值得推荐。,5
颜色柔和，属于越看越顺眼，日常使用很省心。总体来说值得推荐。,5
图片展示和实物细节不完全一致，这个问题影响了使用。暂时不太建议直接下单。,2
实物颜值在线，拍照也很好看，整体体验很顺手。和同类产品相比更省心。,5
目前使用次数不多，先观察后续表现。暂时给出中性评价。,3
价格亲民，配置没有明显缩水，和预期基本一致。作为日常使用已经足够好了。,5
安装不复杂，家里人也会使用，收到货后觉得没有买错。会考虑回购或推荐给朋友。,5
实物质感不错，看得出用料认真，收到货后觉得没有买错。作为日常使用已经足够好了。,4
下单后很快就发货，第二天便收到了，日常使用很省心。目前使用下来比较满意。,5
功能基本够用，细节还有提升空间。再用一段时间看看。,3
颜色和图片基本一致，放家里很协调，收到货后觉得没有买错。总体来说值得推荐。,4
预算不高但功能够用，感觉物有所值，和预期基本一致。作为日常使用已经足够好了。,5
边角和接口处理得很牢固，整体体验很顺手。和同类产品相比更省心。,5
工作人员有礼貌，跟进效率不错，和预期基本一致。作为日常使用已经足够好了。,5
售后流程说明明白，沟通顺畅，收到货后觉得没有买错。和同类产品相比更省心。,5
设计简洁耐看，没有廉价感，日常使用很省心。会考虑回购或推荐给朋友。,4
物流更新及时，收货过程很顺畅，日常使用很省心。和同类产品相比更省心。,5
售后流程说明明白，沟通顺畅，和预期基本一致。和同类产品相比更省心。,5
快递送货及时，没有耽搁，整体体验很顺手。和同类产品相比更省心。,5
客服态度很好，小问题处理得很快，收到货后觉得没有买错。和同类产品相比更省心。,5
从发货到签收只用了很短时间，和预期基本一致。总体来说值得推荐。,5
配送速度比预期快，包裹也完好，整体体验很顺手。作为日常使用已经足够好了。,5
功能布局清楚，不用反复看说明书，和预期基本一致。和同类产品相比更省心。,5
活动价买到很划算，性价比很高，整体体验很顺手。目前使用下来比较满意。,5
提交问题后没有明确进度，一直没人跟进，这个问题影响了使用。这个问题确实影响了使用体验。,1
颜色和图片基本一致，放家里很协调，日常使用很省心。作为日常使用已经足够好了。,5
实物颜值在线，拍照也很好看，整体体验很顺手。目前使用下来比较满意。,5
收纳和清洁都很方便，和预期基本一致。总体来说值得推荐。,5
细节没有毛刺，整体很有分量，收到货后觉得没有买错。总体来说值得推荐。,5
提交问题后没有明确进度，一直没人跟进，处理过程也不够顺利。如果能解决，其他方面还可以接受。,2
促销规则不透明，最终价格超出预期，原本的期待没有达到。希望商家能尽快改进。,1
优惠力度不错，日常使用完全够了，整体体验很顺手。会考虑回购或推荐给朋友。,4
设计简洁耐看，没有廉价感，日常使用很省心。总体来说值得推荐。,5
工作人员有礼貌，跟进效率不错，日常使用很省心。作为日常使用已经足够好了。,5
工作人员有礼貌，跟进效率不错，收到货后觉得没有买错。总体来说值得推荐。,4
包裹比预计晚了好几天，原本的期待没有达到。希望商家能尽快改进。,2
安装不复杂，家里人也会使用，和预期基本一致。会考虑回购或推荐给朋友。,5
对比几家后下单，价格确实合理，收到货后觉得没有买错。会考虑回购或推荐给朋友。,5
实物颜值在线，拍照也很好看，收到货后觉得没有买错。和同类产品相比更省心。,5
客服回答问题很有耐心，也比较专业，整体体验很顺手。总体来说值得推荐。,4
连续用了几周，性能依然稳定，日常使用很省心。和同类产品相比更省心。,5
工作人员有礼貌，跟进效率不错，收到货后觉得没有买错。总体来说值得推荐。,5
目前使用次数不多，先观察后续表现。暂时给出中性评价。,3
颜色柔和，属于越看越顺眼，和预期基本一致。和同类产品相比更省心。,5
配送速度比预期快，包裹也完好，整体体验很顺手。作为日常使用已经足够好了。,5
操作逻辑直观，第一次用也不费劲，整体体验很顺手。目前使用下来比较满意。,5
售后流程说明明白，沟通顺畅，日常使用很省心。目前使用下来比较满意。,5
促销规则不透明，最终价格超出预期，希望页面说明更准确。希望商家能尽快改进。,2
下单后很快就发货，第二天便收到了，日常使用很省心。和同类产品相比更省心。,4
按照说明几分钟就上手了，日常使用很省心。总体来说值得推荐。,5
实物颜值在线，拍照也很好看，收到货后觉得没有买错。作为日常使用已经足够好了。,5
物流更新及时，收货过程很顺畅，整体体验很顺手。和同类产品相比更省心。,5
从发货到签收只用了很短时间，整体体验很顺手。和同类产品相比更省心。,5
对比几家后下单，价格确实合理，收到货后觉得没有买错。作为日常使用已经足够好了。,5
活动价买到很划算，性价比很高，整体体验很顺手。作为日常使用已经足够好了。,5
设计简洁耐看，没有廉价感，日常使用很省心。会考虑回购或推荐给朋友。,4
客服回答问题很有耐心，也比较专业，和预期基本一致。总体来说值得推荐。,5
收纳和清洁都很方便，日常使用很省心。目前使用下来比较满意。,5
细节没有毛刺，整体很有分量，整体体验很顺手。总体来说值得推荐。,5
下单后迟迟不发货，只能继续等待，这个问题影响了使用。暂时不太建议直接下单。,2
设计简洁耐看，没有廉价感，和预期基本一致。作为日常使用已经足够好了。,5
售后流程说明明白，沟通顺畅，整体体验很顺手。总体来说值得推荐。,4
使用时出现松动，质量稳定性需要提高，处理过程也不够顺利。这个问题确实影响了使用体验。,1
客服回答问题很有耐心，也比较专业，和预期基本一致。和同类产品相比更省心。,4
收到的颜色和详情页有色差，效果不一样，这个问题影响了使用。暂时不太建议直接下单。,2
配送速度比预期快，包裹也完好，日常使用很省心。总体来说值得推荐。,5
收纳和清洁都很方便，收到货后觉得没有买错。作为日常使用已经足够好了。,5
外观和功能还可以，希望继续优化细节。整体可以接受。,3
活动价买到很划算，性价比很高，收到货后觉得没有买错。和同类产品相比更省心。,5
价格亲民，配置没有明显缩水，和预期基本一致。作为日常使用已经足够好了。,5
做工细致，材质比预想中扎实，整体体验很顺手。目前使用下来比较满意。,5
优惠力度不错，日常使用完全够了，整体体验很顺手。目前使用下来比较满意。,4
目前使用次数不多，先观察后续表现。暂时给出中性评价。,3
下单后很快就发货，第二天便收到了，收到货后觉得没有买错。和同类产品相比更省心。,5
设计简洁耐看，没有廉价感，和预期基本一致。目前使用下来比较满意。,5
颜色柔和，属于越看越顺眼，整体体验很顺手。总体来说值得推荐。,4
实际尺寸比页面标注的大，放置后不合适，希望页面说明更准确。如果能解决，其他方面还可以接受。,2
从发货到签收只用了很短时间，日常使用很省心。和同类产品相比更省心。,4
收纳和清洁都很方便，收到货后觉得没有买错。总体来说值得推荐。,5
快递送货及时，没有耽搁，和预期基本一致。会考虑回购或推荐给朋友。,5
商品符合大致预期，优点和不足都明显。整体可以接受。,3
功能布局清楚，不用反复看说明书，日常使用很省心。总体来说值得推荐。,5
下单后很快就发货，第二天便收到了，日常使用很省心。目前使用下来比较满意。,5
做工细致，材质比预想中扎实，整体体验很顺手。和同类产品相比更省心。,5
售后流程说明明白，沟通顺畅，整体体验很顺手。目前使用下来比较满意。,5
实物质感不错，看得出用料认真，日常使用很省心。会考虑回购或推荐给朋友。,4
商品符合大致预期，优点和不足都明显。整体可以接受。,3
做工细致，材质比预想中扎实，日常使用很省心。和同类产品相比更省心。,5
颜色柔和，属于越看越顺眼，和预期基本一致。会考虑回购或推荐给朋友。,5
下单后很快就发货，第二天便收到了，整体体验很顺手。目前使用下来比较满意。,5
优惠力度不错，日常使用完全够了，收到货后觉得没有买错。会考虑回购或推荐给朋友。,4
连续用了几周，性能依然稳定，收到货后觉得没有买错。和同类产品相比更省心。,4
配送速度比预期快，包裹也完好，和预期基本一致。会考虑回购或推荐给朋友。,5
细节没有毛刺，整体很有分量，整体体验很顺手。会考虑回购或推荐给朋友。,4
商品符合大致预期，优点和不足都明显。整体可以接受。,3
外观和功能还可以，希望继续优化细节。再用一段时间看看。,3
颜色柔和，属于越看越顺眼，整体体验很顺手。作为日常使用已经足够好了。,4
颜色柔和，属于越看越顺眼，整体体验很顺手。作为日常使用已经足够好了。,5
收纳和清洁都很方便，和预期基本一致。和同类产品相比更省心。,5
下单后很快就发货，第二天便收到了，和预期基本一致。和同类产品相比更省心。,5
商品符合大致预期，优点和不足都明显。整体可以接受。,3
功能基本够用，细节还有提升空间。整体可以接受。,3
颜色和图片基本一致，放家里很协调，整体体验很顺手。会考虑回购或推荐给朋友。,4
从发货到签收只用了很短时间，收到货后觉得没有买错。目前使用下来比较满意。,5
快递送货及时，没有耽搁，整体体验很顺手。目前使用下来比较满意。,5
颜色和图片基本一致，放家里很协调，和预期基本一致。总体来说值得推荐。,4
细节没有毛刺，整体很有分量，和预期基本一致。和同类产品相比更省心。,5
功能基本够用，细节还有提升空间。整体可以接受。,3
按页面建议买的尺码还是偏小，处理过程也不够顺利。希望商家能尽快改进。,2
整体表现中规中矩，暂时没有特别惊喜。暂时给出中性评价。,3
对比几家后下单，价格确实合理，收到货后觉得没有买错。会考虑回购或推荐给朋友。,5
对比几家后下单，价格确实合理，收到货后觉得没有买错。总体来说值得推荐。,4
外观和功能还可以，希望继续优化细节。再用一段时间看看。,3
优惠力度不错，日常使用完全够了，日常使用很省心。总体来说值得推荐。,5
售后流程说明明白，沟通顺畅，和预期基本一致。作为日常使用已经足够好了。,5
商品符合大致预期，优点和不足都明显。暂时给出中性评价。,3
外观和功能还可以，希望继续优化细节。整体可以接受。,3
客服回答问题很有耐心，也比较专业，和预期基本一致。会考虑回购或推荐给朋友。,5
预算不高但功能够用，感觉物有所值，收到货后觉得没有买错。会考虑回购或推荐给朋友。,5
细节没有毛刺，整体很有分量，日常使用很省心。目前使用下来比较满意。,5
收纳和清洁都很方便，整体体验很顺手。作为日常使用已经足够好了。,5
边角和接口处理得很牢固，收到货后觉得没有买错。目前使用下来比较满意。,5
目前使用次数不多，先观察后续表现。再用一段时间看看。,3
做工细致，材质比预想中扎实，收到货后觉得没有买错。目前使用下来比较满意。,5
发货后几天都没有更新，等了很久才收到，处理过程也不够顺利。这个问题确实影响了使用体验。,1
实物颜值在线，拍照也很好看，整体体验很顺手。总体来说值得推荐。,5
包装封口开了，商品表面留下划痕，这个问题影响了使用。如果能解决，其他方面还可以接受。,1
边角和接口处理得很牢固，整体体验很顺手。作为日常使用已经足够好了。,5
安装不复杂，家里人也会使用，整体体验很顺手。和同类产品相比更省心。,5
外观和功能还可以，希望继续优化细节。再用一段时间看看。,3
售前咨询回复清楚，疑问都解决了，日常使用很省心。总体来说值得推荐。,4
快递送货及时，没有耽搁，日常使用很省心。会考虑回购或推荐给朋友。,4
售前咨询回复清楚，疑问都解决了，整体体验很顺手。作为日常使用已经足够好了。,4
快递送货及时，没有耽搁，日常使用很省心。和同类产品相比更省心。,5
客服回答问题很有耐心，也比较专业，整体体验很顺手。作为日常使用已经足够好了。,4
客服回答问题很有耐心，也比较专业，收到货后觉得没有买错。会考虑回购或推荐给朋友。,4
工作人员有礼貌，跟进效率不错，日常使用很省心。目前使用下来比较满意。,4
工作人员有礼貌，跟进效率不错，和预期基本一致。总体来说值得推荐。,5
快递送货及时，没有耽搁，和预期基本一致。总体来说值得推荐。,5
商品符合大致预期，优点和不足都明显。暂时给出中性评价。,3
按照说明几分钟就上手了，整体体验很顺手。和同类产品相比更省心。,5
从发货到签收只用了很短时间，和预期基本一致。作为日常使用已经足够好了。,5
按照说明几分钟就上手了，整体体验很顺手。会考虑回购或推荐给朋友。,5
收纳和清洁都很方便，日常使用很省心。目前使用下来比较满意。,4
安装不复杂，家里人也会使用，日常使用很省心。和同类产品相比更省心。,5
按照说明几分钟就上手了，收到货后觉得没有买错。总体来说值得推荐。,5
预算不高但功能够用，感觉物有所值，收到货后觉得没有买错。会考虑回购或推荐给朋友。,5
边角和接口处理得很牢固，收到货后觉得没有买错。和同类产品相比更省心。,5
边角和接口处理得很牢固，收到货后觉得没有买错。和同类产品相比更省心。,5
快递盒角落破裂，开箱体验很差，希望页面说明更准确。暂时不太建议直接下单。,2
功能布局清楚，不用反复看说明书，日常使用很省心。作为日常使用已经足够好了。,4
快递送货及时，没有耽搁，日常使用很省心。和同类产品相比更省心。,4
连续用了几周，性能依然稳定，整体体验很顺手。总体来说值得推荐。,5
整体表现中规中矩，暂时没有特别惊喜。整体可以接受。,3
造型小巧，和家里的风格很搭，和预期基本一致。和同类产品相比更省心。,5
安装不复杂，家里人也会使用，日常使用很省心。作为日常使用已经足够好了。,5
工作人员有礼貌，跟进效率不错，收到货后觉得没有买错。作为日常使用已经足够好了。,5
快递送货及时，没有耽搁，日常使用很省心。作为日常使用已经足够好了。,5
收纳和清洁都很方便，和预期基本一致。和同类产品相比更省心。,5
连续用了几周，性能依然稳定，收到货后觉得没有买错。总体来说值得推荐。,5
目前使用次数不多，先观察后续表现。整体可以接受。,3
客服回答问题很有耐心，也比较专业，日常使用很省心。会考虑回购或推荐给朋友。,5
边角和接口处理得很牢固，整体体验很顺手。会考虑回购或推荐给朋友。,5
设计简洁耐看，没有廉价感，日常使用很省心。会考虑回购或推荐给朋友。,4
发货后几天都没有更新，等了很久才收到，这个问题影响了使用。暂时不太建议直接下单。,2
价格亲民，配置没有明显缩水，收到货后觉得没有买错。目前使用下来比较满意。,5
物流更新及时，收货过程很顺畅，收到货后觉得没有买错。总体来说值得推荐。,4
功能基本够用，细节还有提升空间。再用一段时间看看。,3
操作逻辑直观，第一次用也不费劲，收到货后觉得没有买错。会考虑回购或推荐给朋友。,5
客服回答问题很有耐心，也比较专业，整体体验很顺手。作为日常使用已经足够好了。,5
刚买完就遇到更大优惠，心里不太平衡，处理过程也不够顺利。这个问题确实影响了使用体验。,2
缓冲材料太少，零件在盒中晃动，处理过程也不够顺利。暂时不太建议直接下单。,2
快递送货及时，没有耽搁，整体体验很顺手。作为日常使用已经足够好了。,4
客服态度很好，小问题处理得很快，和预期基本一致。会考虑回购或推荐给朋友。,5
产品有明显异响，排查后仍无法解决，处理过程也不够顺利。这个问题确实影响了使用体验。,2
物流更新及时，收货过程很顺畅，整体体验很顺手。会考虑回购或推荐给朋友。,5
连续用了几周，性能依然稳定，和预期基本一致。和同类产品相比更省心。,5
操作逻辑直观，第一次用也不费劲，日常使用很省心。总体来说值得推荐。,5
安装不复杂，家里人也会使用，整体体验很顺手。总体来说值得推荐。,5
目前使用次数不多，先观察后续表现。暂时给出中性评价。,3
收纳和清洁都很方便，和预期基本一致。总体来说值得推荐。,5
实物质感不错，看得出用料认真，日常使用很省心。作为日常使用已经足够好了。,5
边角和接口处理得很牢固，整体体验很顺手。和同类产品相比更省心。,5
设计简洁耐看，没有廉价感，整体体验很顺手。作为日常使用已经足够好了。,5
操作逻辑直观，第一次用也不费劲，整体体验很顺手。总体来说值得推荐。,5
优惠力度不错，日常使用完全够了，和预期基本一致。作为日常使用已经足够好了。,4
刚用了几次就出现故障，耐用性不如宣传，原本的期待没有达到。这个问题确实影响了使用体验。,2
边角和接口处理得很牢固，和预期基本一致。和同类产品相比更省心。,5
配送速度比预期快，包裹也完好，整体体验很顺手。作为日常使用已经足够好了。,4
工作人员有礼貌，跟进效率不错，和预期基本一致。目前使用下来比较满意。,5
功能基本够用，细节还有提升空间。再用一段时间看看。,3
价格亲民，配置没有明显缩水，整体体验很顺手。总体来说值得推荐。,4
边角和接口处理得很牢固，整体体验很顺手。和同类产品相比更省心。,5
操作逻辑直观，第一次用也不费劲，整体体验很顺手。总体来说值得推荐。,5
预算不高但功能够用，感觉物有所值，收到货后觉得没有买错。作为日常使用已经足够好了。,5
做工细致，材质比预想中扎实，收到货后觉得没有买错。作为日常使用已经足够好了。,5
从发货到签收只用了很短时间，日常使用很省心。会考虑回购或推荐给朋友。,4
整体表现中规中矩，暂时没有特别惊喜。再用一段时间看看。,3
从发货到签收只用了很短时间，和预期基本一致。目前使用下来比较满意。,5
外观和功能还可以，希望继续优化细节。整体可以接受。,3
售前咨询回复清楚，疑问都解决了，收到货后觉得没有买错。总体来说值得推荐。,4
快递送货及时，没有耽搁，和预期基本一致。总体来说值得推荐。,5
功能比较基础，和这个价格相比性价比不高，这个问题影响了使用。这个问题确实影响了使用体验。,2
功能布局清楚，不用反复看说明书，整体体验很顺手。和同类产品相比更省心。,5
客服回答问题很有耐心，也比较专业，和预期基本一致。总体来说值得推荐。,5
预算不高但功能够用，感觉物有所值，收到货后觉得没有买错。作为日常使用已经足够好了。,4
从发货到签收只用了很短时间，和预期基本一致。会考虑回购或推荐给朋友。,5
实物颜值在线，拍照也很好看，日常使用很省心。会考虑回购或推荐给朋友。,5
下单后很快就发货，第二天便收到了，日常使用很省心。会考虑回购或推荐给朋友。,5
实物质感不错，看得出用料认真，收到货后觉得没有买错。会考虑回购或推荐给朋友。,5
价格亲民，配置没有明显缩水，和预期基本一致。和同类产品相比更省心。,5
预算不高但功能够用，感觉物有所值，和预期基本一致。目前使用下来比较满意。,5
物流更新及时，收货过程很顺畅，整体体验很顺手。总体来说值得推荐。,5
收纳和清洁都很方便，整体体验很顺手。作为日常使用已经足够好了。,5
整体表现中规中矩，暂时没有特别惊喜。再用一段时间看看。,3
预算不高但功能够用，感觉物有所值，和预期基本一致。会考虑回购或推荐给朋友。,5
颜色柔和，属于越看越顺眼，收到货后觉得没有买错。总体来说值得推荐。,5
做工细致，材质比预想中扎实，收到货后觉得没有买错。目前使用下来比较满意。,5
活动价买到很划算，性价比很高，日常使用很省心。总体来说值得推荐。,4
预算不高但功能够用，感觉物有所值，日常使用很省心。会考虑回购或推荐给朋友。,5
外观和功能还可以，希望继续优化细节。暂时给出中性评价。,3
第二天联系仍然没有得到及时处理，希望页面说明更准确。如果能解决，其他方面还可以接受。,2
造型小巧，和家里的风格很搭，收到货后觉得没有买错。作为日常使用已经足够好了。,5
从发货到签收只用了很短时间，收到货后觉得没有买错。目前使用下来比较满意。,4
安装不复杂，家里人也会使用，和预期基本一致。目前使用下来比较满意。,5
配送速度比预期快，包裹也完好，日常使用很省心。会考虑回购或推荐给朋友。,4
工作人员有礼貌，跟进效率不错，收到货后觉得没有买错。和同类产品相比更省心。,5
颜色和图片基本一致，放家里很协调，收到货后觉得没有买错。会考虑回购或推荐给朋友。,4
配送速度比预期快，包裹也完好，收到货后觉得没有买错。目前使用下来比较满意。,5
对比几家后下单，价格确实合理，和预期基本一致。目前使用下来比较满意。,5
造型小巧，和家里的风格很搭，日常使用很省心。总体来说值得推荐。,4
安装不复杂，家里人也会使用，和预期基本一致。会考虑回购或推荐给朋友。,5
整体表现中规中矩，暂时没有特别惊喜。暂时给出中性评价。,3
物流中途停了很久，没有达到页面承诺，处理过程也不够顺利。希望商家能尽快改进。,1
售后流程说明明白，沟通顺畅，整体体验很顺手。目前使用下来比较满意。,5
目前使用次数不多，先观察后续表现。再用一段时间看看。,3
实际体验普通，觉得价格有些贵，处理过程也不够顺利。和页面介绍存在明显差距。,1
价格亲民，配置没有明显缩水，和预期基本一致。会考虑回购或推荐给朋友。,5
客服回答问题很有耐心，也比较专业，收到货后觉得没有买错。目前使用下来比较满意。,5
客服态度很好，小问题处理得很快，和预期基本一致。目前使用下来比较满意。,4
连续用了几周，性能依然稳定，整体体验很顺手。目前使用下来比较满意。,5
客服态度很好，小问题处理得很快，收到货后觉得没有买错。和同类产品相比更省心。,5
客服态度很好，小问题处理得很快，收到货后觉得没有买错。总体来说值得推荐。,5
从发货到签收只用了很短时间，和预期基本一致。总体来说值得推荐。,4
颜色和图片基本一致，放家里很协调，整体体验很顺手。和同类产品相比更省心。,5
外观和功能还可以，希望继续优化细节。暂时给出中性评价。,3
收纳和清洁都很方便，整体体验很顺手。目前使用下来比较满意。,5
功能布局清楚，不用反复看说明书，日常使用很省心。目前使用下来比较满意。,4
下单后很快就发货，第二天便收到了，日常使用很省心。总体来说值得推荐。,5
按照说明几分钟就上手了，和预期基本一致。作为日常使用已经足够好了。,5
下单后很快就发货，第二天便收到了，整体体验很顺手。目前使用下来比较满意。,5
整体表现中规中矩，暂时没有特别惊喜。整体可以接受。,3
颜色柔和，属于越看越顺眼，整体体验很顺手。和同类产品相比更省心。,5
下单后很快就发货，第二天便收到了，收到货后觉得没有买错。作为日常使用已经足够好了。,4
连续用了几周，性能依然稳定，收到货后觉得没有买错。目前使用下来比较满意。,4
快递送货及时，没有耽搁，和预期基本一致。总体来说值得推荐。,4
造型小巧，和家里的风格很搭，整体体验很顺手。总体来说值得推荐。,5
配送速度比预期快，包裹也完好，日常使用很省心。作为日常使用已经足够好了。,4
按照说明几分钟就上手了，收到货后觉得没有买错。和同类产品相比更省心。,4
操作逻辑直观，第一次用也不费劲，整体体验很顺手。作为日常使用已经足够好了。,4
客服态度很好，小问题处理得很快，整体体验很顺手。和同类产品相比更省心。,5
整体表现中规中矩，暂时没有特别惊喜。暂时给出中性评价。,3
客服态度很好，小问题处理得很快，整体体验很顺手。和同类产品相比更省心。,4
边角和接口处理得很牢固，整体体验很顺手。和同类产品相比更省心。,5
预算不高但功能够用，感觉物有所值，整体体验很顺手。目前使用下来比较满意。,5
设计简洁耐看，没有廉价感，收到货后觉得没有买错。目前使用下来比较满意。,5
客服态度很好，小问题处理得很快，和预期基本一致。会考虑回购或推荐给朋友。,5
收纳和清洁都很方便，收到货后觉得没有买错。会考虑回购或推荐给朋友。,4
目前使用次数不多，先观察后续表现。暂时给出中性评价。,3
造型小巧，和家里的风格很搭，日常使用很省心。和同类产品相比更省心。,5
活动价买到很划算，性价比很高，日常使用很省心。目前使用下来比较满意。,5
操作逻辑直观，第一次用也不费劲，收到货后觉得没有买错。作为日常使用已经足够好了。,5
第二天联系仍然没有得到及时处理，处理过程也不够顺利。这个问题确实影响了使用体验。,2
客服态度很好，小问题处理得很快，和预期基本一致。目前使用下来比较满意。,5
售后流程说明明白，沟通顺畅，和预期基本一致。目前使用下来比较满意。,5
收纳和清洁都很方便，整体体验很顺手。作为日常使用已经足够好了。,5
下单后很快就发货，第二天便收到了，整体体验很顺手。目前使用下来比较满意。,4
颜色柔和，属于越看越顺眼，收到货后觉得没有买错。会考虑回购或推荐给朋友。,5
包裹比预计晚了好几天，这个问题影响了使用。希望商家能尽快改进。,2
设计简洁耐看，没有廉价感，整体体验很顺手。会考虑回购或推荐给朋友。,5
对比几家后下单，价格确实合理，整体体验很顺手。会考虑回购或推荐给朋友。,4
外箱送到时被压扁，保护材料也破了，处理过程也不够顺利。如果能解决，其他方面还可以接受。,2
客服态度很好，小问题处理得很快，整体体验很顺手。作为日常使用已经足够好了。,4
收纳和清洁都很方便，和预期基本一致。作为日常使用已经足够好了。,5
目前使用次数不多，先观察后续表现。暂时给出中性评价。,3
按照说明几分钟就上手了，日常使用很省心。会考虑回购或推荐给朋友。,5
功能基本够用，细节还有提升空间。整体可以接受。,3
按照说明几分钟就上手了，日常使用很省心。总体来说值得推荐。,5
从发货到签收只用了很短时间，日常使用很省心。目前使用下来比较满意。,5
设计简洁耐看，没有廉价感，和预期基本一致。会考虑回购或推荐给朋友。,5
配送速度比预期快，包裹也完好，整体体验很顺手。会考虑回购或推荐给朋友。,4
实物质感不错，看得出用料认真，收到货后觉得没有买错。和同类产品相比更省心。,4
客服回答问题很有耐心，也比较专业，整体体验很顺手。总体来说值得推荐。,4
设计简洁耐看，没有廉价感，整体体验很顺手。和同类产品相比更省心。,5
对比几家后下单，价格确实合理，整体体验很顺手。作为日常使用已经足够好了。,4
物流更新及时，收货过程很顺畅，日常使用很省心。作为日常使用已经足够好了。,5
商品描述笼统，实际功能和预期有差距，处理过程也不够顺利。暂时不太建议直接下单。,1
目前使用次数不多，先观察后续表现。整体可以接受。,3
物流更新及时，收货过程很顺畅，整体体验很顺手。目前使用下来比较满意。,5
实物质感不错，看得出用料认真，整体体验很顺手。会考虑回购或推荐给朋友。,4
从发货到签收只用了很短时间，收到货后觉得没有买错。作为日常使用已经足够好了。,4
收纳和清洁都很方便，日常使用很省心。总体来说值得推荐。,5
对比几家后下单，价格确实合理，日常使用很省心。会考虑回购或推荐给朋友。,4
缓冲材料太少，零件在盒中晃动，希望页面说明更准确。这个问题确实影响了使用体验。,2
操作逻辑直观，第一次用也不费劲，整体体验很顺手。目前使用下来比较满意。,5
颜色柔和，属于越看越顺眼，整体体验很顺手。会考虑回购或推荐给朋友。,4
颜色和图片基本一致，放家里很协调，和预期基本一致。目前使用下来比较满意。,4
实物质感不错，看得出用料认真，和预期基本一致。总体来说值得推荐。,5
安装不复杂，家里人也会使用，收到货后觉得没有买错。作为日常使用已经足够好了。,5
功能布局清楚，不用反复看说明书，收到货后觉得没有买错。作为日常使用已经足够好了。,4
实物颜值在线，拍照也很好看，日常使用很省心。总体来说值得推荐。,5
连续用了几周，性能依然稳定，收到货后觉得没有买错。目前使用下来比较满意。,4
实物颜值在线，拍照也很好看，收到货后觉得没有买错。总体来说值得推荐。,5
颜色和图片基本一致，放家里很协调，收到货后觉得没有买错。会考虑回购或推荐给朋友。,5
按照说明几分钟就上手了，整体体验很顺手。总体来说值得推荐。,4
快递送货及时，没有耽搁，整体体验很顺手。目前使用下来比较满意。,4
实物质感不错，看得出用料认真，日常使用很省心。总体来说值得推荐。,5
优惠力度不错，日常使用完全够了，整体体验很顺手。会考虑回购或推荐给朋友。,5
按照说明几分钟就上手了，收到货后觉得没有买错。目前使用下来比较满意。,5
售后流程说明明白，沟通顺畅，和预期基本一致。会考虑回购或推荐给朋友。,4
按照说明几分钟就上手了，和预期基本一致。和同类产品相比更省心。,4
售前咨询回复清楚，疑问都解决了，整体体验很顺手。和同类产品相比更省心。,5
物流更新及时，收货过程很顺畅，收到货后觉得没有买错。会考虑回购或推荐给朋友。,4
设计简洁耐看，没有廉价感，整体体验很顺手。作为日常使用已经足够好了。,5
价格亲民，配置没有明显缩水，和预期基本一致。总体来说值得推荐。,4
第二天联系仍然没有得到及时处理，原本的期待没有达到。这个问题确实影响了使用体验。,2
提交问题后没有明确进度，一直没人跟进，这个问题影响了使用。如果能解决，其他方面还可以接受。,2
优惠力度不错，日常使用完全够了，整体体验很顺手。和同类产品相比更省心。,4
收纳和清洁都很方便，整体体验很顺手。会考虑回购或推荐给朋友。,5
实物颜值在线，拍照也很好看，日常使用很省心。目前使用下来比较满意。,5
安装不复杂，家里人也会使用，收到货后觉得没有买错。会考虑回购或推荐给朋友。,5
从发货到签收只用了很短时间，整体体验很顺手。作为日常使用已经足够好了。,4
商品符合大致预期，优点和不足都明显。暂时给出中性评价。,3
预算不高但功能够用，感觉物有所值，和预期基本一致。会考虑回购或推荐给朋友。,5
包裹比预计晚了好几天，这个问题影响了使用。希望商家能尽快改进。,2
连续用了几周，性能依然稳定，收到货后觉得没有买错。总体来说值得推荐。,5
优惠力度不错，日常使用完全够了，整体体验很顺手。目前使用下来比较满意。,5
优惠力度不错，日常使用完全够了，整体体验很顺手。会考虑回购或推荐给朋友。,4
外观和功能还可以，希望继续优化细节。整体可以接受。,3
售前咨询回复清楚，疑问都解决了，和预期基本一致。总体来说值得推荐。,4
物流更新及时，收货过程很顺畅，整体体验很顺手。目前使用下来比较满意。,4
预算不高但功能够用，感觉物有所值，和预期基本一致。会考虑回购或推荐给朋友。,5
客服回答问题很有耐心，也比较专业，和预期基本一致。和同类产品相比更省心。,5
实物颜值在线，拍照也很好看，日常使用很省心。和同类产品相比更省心。,5
从发货到签收只用了很短时间，和预期基本一致。作为日常使用已经足够好了。,5
按照说明几分钟就上手了，日常使用很省心。目前使用下来比较满意。,4
物流更新及时，收货过程很顺畅，整体体验很顺手。作为日常使用已经足够好了。,4
操作逻辑直观，第一次用也不费劲，和预期基本一致。作为日常使用已经足够好了。,4
颜色和图片基本一致，放家里很协调，日常使用很省心。目前使用下来比较满意。,4
功能布局清楚，不用反复看说明书，整体体验很顺手。总体来说值得推荐。,4
快递送货及时，没有耽搁，和预期基本一致。和同类产品相比更省心。,4
从发货到签收只用了很短时间，日常使用很省心。作为日常使用已经足够好了。,5
功能比较基础，和这个价格相比性价比不高，原本的期待没有达到。希望商家能尽快改进。,1
外观和功能还可以，希望继续优化细节。整体可以接受。,3
造型小巧，和家里的风格很搭，收到货后觉得没有买错。目前使用下来比较满意。,4
功能布局清楚，不用反复看说明书，整体体验很顺手。总体来说值得推荐。,5
收纳和清洁都很方便，整体体验很顺手。和同类产品相比更省心。,4
物流更新及时，收货过程很顺畅，日常使用很省心。目前使用下来比较满意。,5
功能布局清楚，不用反复看说明书，日常使用很省心。总体来说值得推荐。,5
快递送货及时，没有耽搁，和预期基本一致。总体来说值得推荐。,5
安装不复杂，家里人也会使用，整体体验很顺手。目前使用下来比较满意。,5
颜色和图片基本一致，放家里很协调，日常使用很省心。作为日常使用已经足够好了。,5
从发货到签收只用了很短时间，日常使用很省心。目前使用下来比较满意。,4
价格亲民，配置没有明显缩水，收到货后觉得没有买错。会考虑回购或推荐给朋友。,5
活动价买到很划算，性价比很高，整体体验很顺手。总体来说值得推荐。,4
做工细致，材质比预想中扎实，和预期基本一致。作为日常使用已经足够好了。,4
边角和接口处理得很牢固，收到货后觉得没有买错。和同类产品相比更省心。,5
配送速度比预期快，包裹也完好，日常使用很省心。会考虑回购或推荐给朋友。,5
优惠力度不错，日常使用完全够了，和预期基本一致。作为日常使用已经足够好了。,5
设计简洁耐看，没有廉价感，日常使用很省心。总体来说值得推荐。,5
价格亲民，配置没有明显缩水，日常使用很省心。和同类产品相比更省心。,5
目前使用次数不多，先观察后续表现。整体可以接受。,3
收纳和清洁都很方便，收到货后觉得没有买错。会考虑回购或推荐给朋友。,5
下单后很快就发货，第二天便收到了，日常使用很省心。目前使用下来比较满意。,5
包装不够结实，运输中很容易挤压，希望页面说明更准确。和页面介绍存在明显差距。,2
优惠力度不错，日常使用完全够了，和预期基本一致。会考虑回购或推荐给朋友。,4
下单后很快就发货，第二天便收到了，和预期基本一致。总体来说值得推荐。,5
图片展示和实物细节不完全一致，处理过程也不够顺利。暂时不太建议直接下单。,2
边角和接口处理得很牢固，和预期基本一致。目前使用下来比较满意。,5
颜色柔和，属于越看越顺眼，整体体验很顺手。会考虑回购或推荐给朋友。,5
预算不高但功能够用，感觉物有所值，整体体验很顺手。会考虑回购或推荐给朋友。,5
活动价买到很划算，性价比很高，日常使用很省心。和同类产品相比更省心。,4
商品符合大致预期，优点和不足都明显。再用一段时间看看。,3
